<Records>
	<Patient>
		<ID>2</ID>
		<Name>Hasta 1</Name>
		<History>On 10 12 2012 applied with an headache, diagnosed with flue,
purposed to use Majezik and rest. On 12 8 2014 applied with headache.
Nothing done.</History>
	</Patient>
	<Patient>
		<ID>23</ID>
		<Name>Hasta2</Name>
		<History></History>
	</Patient>
	<Patient>
		<ID>7</ID>
		<Name>Hasta 3</Name>
		<History>blablabla</History>
	</Patient>
	<Patient>
		<ID>9</ID>
		<Name>Hasta 4</Name>
		<History>blablablabla</History>
	</Patient>
</Records>